Workbook

Sheet Blad1
A1: TARIEVEN 2023 - NIET WIJZIGEN
A2: (kopie van kopie - zie mail Marleen jan)
A4: Cat | B4: Functie | C4: Basis uur | D4: idx | E4: Uurloon | F4: ZWEP-toeslag | G4: NP
A5: A | B5: chauffeur INT | C5: 14.8231 | D5: 1.0347 | E5: =C5*D5 -> 15.337462 | F5: =ROUND(E5*0.0615,4) -> 0.9433 | G5: =ROUND(E5*NP!$B$3,4) -> 5.8696
A6: B | B6: chauffeur NAT | C6: 14.112 | D6: 1.0347 | E6: =C6*D6 -> 14.601686 | F6: =ROUND(E6*0.0615,4) -> 0.898 | G6: =ROUND(E6*NP!$B$3,4) -> 5.5881
A7: C | B7: magazijn | C7: 13.2504 | D7: 1.0347 | E7: =C7*D7 -> 13.710189 | F7: =ROUND(E7*0.0575,4) -> 0.7883 | G7: =ROUND(E7*NP!$B$3,4) -> 5.2469
A8: D | B8: admin | C8: 15 | D8: 1.0341 | E8: =C8*D8 -> 15.5115 | F8: =ROUND(E8*0.0615,4) -> 0.954 | G8: =ROUND(E8*NP!$B$3,4) -> 5.9363
A9: E | B9: stagiair?? | C9: 9.12 | D9: 1.0347 | E9: =C9*D9*38/38 -> 9.436464 | F9: =ROUND(E9*0.0615,4) -> 0.5803 | G9: =ROUND(E9*NP!$B$3,4) -> 3.6113
A10: F | B10: interim HDV | C10: 16.44 | D10: 1.0347 | E10: =C10*D10 -> 17.010468 | F10: =ROUND(E10*0.0615,4) -> 1.0461 | G10: =ROUND(E10*NP!$B$3,4) -> 6.5099
B11: interim: tarief van bureau, niet van ons?
B12: gem. | E12: =AVERAGE(E5:E10) -> 14.267961

Sheet NP
A1: NP (nachtpremie)
A3: 22-06 week | B3: 0.3827 | C3: ?
A4: zaterdag | B4: 0.5 | C4: CAO??
A5: zon/feestdag | B5: 1 | C5: mail Marleen 12/01
A6: tussen 20-22 (?) | B6: 0.15

Sheet Blad3
A1: vakantie?? 0.0892
A2: 13e maand /12
A3: TRIPOLI -> zie lijst Marleen
A4: dubbel VG 2022 -> 92% ?
A5: nagaan: 0.3827 x 1.0347 ???
A6: Kevin bellen over M3

Sheet SNAP
A1: DO NOT TOUCH - snapshot vs KLAVER
A3: Cat | B3: Uurloon snapshot | C3: verschil
A4: A | B4: 15.3376 | C4: =B4-Blad1!E5 -> 0.00013843 | E4: link: S:\loon\_OLD2\[Tarieven_2021.xlsx]Blad1!B4
A5: B | B5: 14.6021 | C5: =B5-Blad1!E6 -> 0.0004136 | E5: =#REF! -> #REF!
A6: C | B6: 13.71 | C6: =B6-Blad1!E7 -> -0.00018888
A7: D | B7: 15.5115 | C7: =B7-Blad1!E8 -> 0
A8: E | B8: 9.4368 | C8: =B8-Blad1!E9 -> 0.000336
A9: F | B9: 17.0111 | C9: =B9-Blad1!E10 -> 0.000632
